{
    "Version": "2012-10-17",
    "Statement": [
        {
            "Sid": "UnityS3Access",
            "Effect": "Allow",
            "Action": [
                "s3:GetObject",
                "s3:PutObject",
                "s3:ListBucket",
                "s3:DeleteObject"
            ],
            "Resource": [
                "arn:aws:s3:::radhikatmosphere-frontend-production",
                "arn:aws:s3:::radhikatmosphere-frontend-production/unity/*",
                "arn:aws:s3:::radhikatmosphere--use1-az6--x-s3",
                "arn:aws:s3:::radhikatmosphere--use1-az6--x-s3/unity-assets/*"
            ]
        },
        {
            "Sid": "UnityCloudFrontInvalidation",
            "Effect": "Allow",
            "Action": [
                "cloudfront:CreateInvalidation",
                "cloudfront:GetInvalidation",
                "cloudfront:ListInvalidations"
            ],
            "Resource": "*"
        },
        {
            "Sid": "UnityListBuckets",
            "Effect": "Allow",
            "Action": "s3:ListAllMyBuckets",
            "Resource": "*"
        }
    ]
}