<?xml version="1.0" encoding="UTF-8"?>
<AppRunnerService>
    <Version>1.0</Version>
    <ServiceName>PlatformaIntegralOmniverseAppRunner</ServiceName>
    <SourceConfiguration>
        <ImageRepository>
            <!-- Replace with your ECR image URI -->
            <ImageIdentifier>123456789012.dkr.ecr.us-east-1.amazonaws.com/my-ecr-repo:latest</ImageIdentifier>
            <ImageRepositoryType>ECR</ImageRepositoryType>
        </ImageRepository>
        <AutoDeploymentsEnabled>true</AutoDeploymentsEnabled>
    </SourceConfiguration>
    <InstanceConfiguration>
        <Cpu>1024</Cpu> <!-- 1 vCPU -->
        <Memory>2048</Memory> <!-- 2 GB RAM -->
    </InstanceConfiguration>
    <!-- Optional: Health Check settings -->
    <!--
    <HealthCheckConfiguration>
        <Protocol>HTTP</Protocol>
        <Path>/</Path>
        <Interval>5</Interval>
        <Timeout>2</Timeout>
        <HealthyThreshold>2</HealthyThreshold>
        <UnhealthyThreshold>5</UnhealthyThreshold>
    </HealthCheckConfiguration>
    -->
</AppRunnerService>
